"stim","response","subj_idx"
6,0.41304347826087,"KC979"
12,0.577777777777778,"KC979"
24,0.565217391304348,"KC979"
48,0.609756097560976,"KC979"
100,0.391304347826087,"KC979"
