"stim","response","rt","subj_idx"
6,0.633333333333333,1.56962839833333,208
12,0.8,1.23764056333333,208
24,0.95,1.05605142,208
48,1,0.91151936,208
100,1,0.817280733333333,208
