"stim","response","subj_idx"
6,0.703703703703704,"GB233"
12,0.892857142857143,"GB233"
24,0.966666666666667,"GB233"
48,1,"GB233"
100,0.7,"GB233"
