"stim","response","subj_idx"
6,0.659090909090909,"GC981"
12,0.651162790697674,"GC981"
24,0.756756756756757,"GC981"
48,0.710526315789474,"GC981"
100,0.702702702702703,"GC981"
