"stim","response","subj_idx"
6,0.537037037037037,"HC958"
12,0.696428571428571,"HC958"
24,0.724137931034483,"HC958"
48,0.719298245614035,"HC958"
100,0.578947368421053,"HC958"
