"stim","response","subj_idx"
6,0.56140350877193,"JB724"
12,0.444444444444444,"JB724"
24,0.616666666666667,"JB724"
48,0.553571428571429,"JB724"
100,0.527272727272727,"JB724"
