"stim","response","subj_idx"
6,0.46551724137931,"GB618"
12,0.542372881355932,"GB618"
24,0.610169491525424,"GB618"
48,0.53448275862069,"GB618"
100,0.559322033898305,"GB618"
