"stim","response","subj_idx"
6,0.730769230769231,"KC941"
12,0.346153846153846,"KC941"
24,0.62962962962963,"KC941"
48,0.555555555555556,"KC941"
100,0.62962962962963,"KC941"
