"stim","response","subj_idx"
6,0.545454545454545,"IC1045"
12,0.716981132075472,"IC1045"
24,0.672413793103448,"IC1045"
48,0.736842105263158,"IC1045"
100,0.423076923076923,"IC1045"
