"stim","response","subj_idx"
6,0.54,"HC896"
12,0.529411764705882,"HC896"
24,0.754385964912281,"HC896"
48,0.833333333333333,"HC896"
100,0.844827586206897,"HC896"
